,tmdbId,imdbId
0,862,tt0114709
1,8844,tt0113497
2,15602,tt0113228
3,31357,tt0114885
4,11862,tt0113041
5,949,tt0113277
6,11860,tt0114319
7,45325,tt0112302
8,9091,tt0114576
9,710,tt0113189
10,9087,tt0112346
11,12110,tt0112896
12,21032,tt0112453
13,10858,tt0113987
14,1408,tt0112760
15,524,tt0112641
16,4584,tt0114388
17,5,tt0113101
18,9273,tt0112281
19,11517,tt0113845
20,8012,tt0113161
21,1710,tt0112722
22,9691,tt0112401
23,12665,tt0114168
24,451,tt0113627
25,16420,tt0114057
26,9263,tt0114011
27,17015,tt0114117
28,902,tt0112682
29,37557,tt0115012
30,9909,tt0112792
31,63,tt0114746
32,78802,tt0114952
33,9598,tt0112431
34,47018,tt0112637
35,687,tt0112818
36,139405,tt0112286
37,33689,tt0113442
38,9603,tt0112697
39,34615,tt0112749
40,31174,tt0114279
41,11443,tt0112819
42,35196,tt0114272
43,9312,tt0113855
44,577,tt0114681
45,11861,tt0113347
46,807,tt0114369
47,10530,tt0114148
48,8391,tt0114916
49,629,tt0114814
50,117164,tt0109950
51,11448,tt0113819
52,49133,tt0110299
53,26441,tt0112499
54,97406,tt0113158
55,124057,tt0113541
56,9089,tt0113321
57,11010,tt0110877
58,99040,tt0112714
59,11359,tt0113419
60,17182,tt0116260
61,2054,tt0113862
62,10607,tt0116126
63,19760,tt0118002
64,9536,tt0115683
65,11525,tt0116839
66,40628,tt0114753
67,4482,tt0113149
68,10634,tt0113118
69,755,tt0116367
70,11859,tt0113010
71,28387,tt0113537
72,48750,tt0113828
73,20927,tt0115644
74,36929,tt0115676
75,9102,tt0114367
76,124626,tt0113973
77,27526,tt0112744
78,9623,tt0116731
79,46785,tt0112445
80,400,tt0114660
81,880,tt0112379
82,146599,tt0114039
83,188588,tt0113612
84,8447,tt0112365
85,10534,tt0118158
86,17414,tt0116151
87,13997,tt0115697
88,2086,tt0113972
89,61548,tt0113490
90,9095,tt0117002
91,12158,tt0114825
92,9283,tt0115639
93,9208,tt0115759
94,40154,tt0113403
95,406,tt0113247
96,45549,tt0111173
97,63076,tt0113283
98,11062,tt0115907
99,13685,tt0115734
100,47475,tt0117102
101,2045,tt0118040
102,9614,tt0116483
103,688,tt0112579
104,11907,tt0110251
105,10874,tt0117110
106,89333,tt0112646
107,96357,tt0113276
108,197,tt0112573
109,103,tt0075314
110,33542,tt0113326
111,43566,tt0115645
112,71754,tt0113774
113,43612,tt0112556
114,51352,tt0112373
115,16934,tt0115033
116,10324,tt0116606
117,78406,tt0114536
118,55731,tt0117427
119,32119,tt0106473
120,11066,tt0103859
121,11104,tt0109424
122,37975,tt0114808
123,2074,tt0116324
124,27793,tt0110647
125,44284,tt0111055
126,290157,tt0110217
127,110972,tt0114131
128,32622,tt0112364
129,73067,tt0113107
130,11863,tt0113451
131,55475,tt0114015
132,124636,tt0114500
133,9101,tt0116130
134,123360,tt0113125
135,5757,tt0113756
136,39428,tt0113952
137,124639,tt0114618
138,9302,tt0118055
139,11000,tt0115685
140,525153,tt0094878
141,249882,tt0113200
142,16388,tt0112585
143,9737,tt0112442
144,30765,tt0112342
145,10474,tt0112461
146,22279,tt0112427
147,30157,tt0109093
148,568,tt0112384
149,11780,tt0114287
150,34996,tt0112288
151,414,tt0112462
152,649,tt0061395
153,1873,tt0112495
154,5894,tt0112541
155,1775,tt0109370
156,8839,tt0112642
157,20649,tt0112688
158,10329,tt0112715
159,8963,tt0112740
160,26564,tt0109508
161,8068,tt0112851
162,8512,tt0112857
163,1572,tt0112864
164,13552,tt0112887
165,259209,tt0113044
166,6520,tt0113071
167,9073,tt0113114
168,10428,tt0113243
169,17447,tt0113464
170,9886,tt0113481
171,9482,tt0113492
172,19326,tt0113500
173,9344,tt0113540
174,9071,tt0113677
175,8973,tt0113690
176,15730,tt0107447
177,47608,tt0113729
178,2293,tt0113749
179,9070,tt0113820
180,68274,tt0113851
181,48787,tt0110604
182,34574,tt0110620
183,1642,tt0113957
184,11472,tt0113986
185,36196,tt0114095
186,11980,tt0114194
187,58372,tt0114241
188,32646,tt0114323
189,10533,tt0114345
190,56088,tt0114435
191,10802,tt0114436
192,10149,tt0114478
193,18402,tt0114496
194,9348,tt0114508
195,139408,tt0114534
196,281,tt0114558
197,5967,tt0058450
198,79593,tt0114666
199,47939,tt0114663
200,36834,tt0114702
201,9090,tt0114682
202,3512,tt0114781
203,52856,tt0114798
204,77350,tt0114805
205,9560,tt0114887
206,9804,tt0114898
207,31611,tt0114928
208,65796,tt0114938
209,49805,tt0109340
210,26258,tt0112602
211,50797,tt0111579
212,19155,tt0110882
213,76,tt0112471
214,11017,tt0112508
215,37141,tt0112438
216,9382,tt0112571
217,6715,tt0112757
218,18256,tt0112643
219,22625,tt0112679
220,2292,tt0109445
221,1909,tt0112883
222,8984,tt0109635
223,61813,tt0112899
224,4954,tt0109676
225,62488,tt0112854
226,10531,tt0109579
227,11929,tt0109642
228,8467,tt0109686
229,10451,tt0111797
230,20156,tt0109759
231,18395,tt0109758
232,522,tt0109707
233,397,tt0113117
234,10525,tt0113097
235,27985,tt0113028
236,15789,tt0113198
237,27303,tt0113303
238,21183,tt0113089
239,10954,tt0109771
240,47867,tt0113199
241,43475,tt0113234
242,72031,tt0109906
243,14275,tt0110057
244,1024,tt0110005
245,17207,tt0110066
246,13701,tt0110116
247,14819,tt0110006
248,32631,tt0113360
249,11777,tt0110099
250,628,tt0110148
251,87729,tt0113463
252,18713,tt0110189
253,6280,tt0110216
254,9061,tt0113501
255,37108,tt0113538
256,6071,tt0113552
257,11,tt0076759
258,9587,tt0110367
259,19101,tt0113670
260,49980,tt0110296
261,17961,tt0109731
262,18183,tt0103994
263,4476,tt0110322
264,11008,tt0110443
265,47504,tt0110365
266,32325,tt0107566
267,43742,tt0110391
268,28313,tt0113691
269,11318,tt0110428
270,3036,tt0109836
271,40490,tt0113755
272,24070,tt0110538
273,8986,tt0110516
274,10510,tt0110527
275,17402,tt0113808
276,38722,tt0113896
277,8438,tt0113870
278,11593,tt0110684
279,1945,tt0110638
280,39310,tt0113967
281,109560,tt0117169
282,56428,tt0106402
283,63105,tt0113948
284,131957,tt0110671
285,241,tt0110632
286,9058,tt0110737
287,527,tt0110729
288,18220,tt0114151
289,6950,tt0114069
290,101,tt0110413
291,63020,tt0114113
292,2307,tt0114210
293,680,tt0110912
294,41478,tt0114084
295,25296,tt0105652
296,40156,tt0110889
297,11450,tt0110932
298,30304,tt0114129
299,10452,tt0110963
300,12106,tt0114214
301,161495,tt0114296
302,3586,tt0110907
303,110,tt0111495
304,108,tt0108394
305,109,tt0111507
306,159185,tt0110769
307,36357,tt0114268
308,92769,tt0110965
309,28033,tt0114571
310,22586,tt0111333
311,14334,tt0111112
312,2636,tt0111255
313,2164,tt0111282
314,11395,tt0111070
315,278,tt0111161
316,9905,tt0111149
317,87078,tt0108260
318,12527,tt0106966
319,20306,tt0114594
320,36614,tt0111309
321,27993,tt0113936
322,31439,tt0110081
323,9067,tt0114614
324,9059,tt0114608
325,193,tt0111280
326,25066,tt0114609
327,46797,tt0111454
328,12122,tt0114852
329,11381,tt0114694
330,32636,tt0111590
331,36141,tt0114788
332,95963,tt0114888
333,1587,tt0108550
334,9271,tt0114857
335,2064,tt0114924
336,19855,tt0111667
337,60855,tt0109655
338,236,tt0110598
339,48287,tt0112435
340,3049,tt0109040
341,2759,tt0109045
342,12635,tt0106339
343,10497,tt0104779
344,11382,tt0109348
345,9331,tt0109444
346,10731,tt0109446
347,10464,tt0109484
348,34152,tt0109504
349,9495,tt0109506
350,29973,tt0109450
351,888,tt0109813
352,13,tt0109830
353,712,tt0109831
354,16295,tt0113305
355,48992,tt0110091
356,10879,tt0110093
357,10660,tt0110167
358,10714,tt0110213
359,41647,tt0107472
360,8587,tt0110357
361,1689,tt0107426
362,11596,tt0111686
363,854,tt0110475
364,9359,tt0110478
365,23333,tt0110588
366,36593,tt0110622
367,12280,tt0110771
368,2788,tt0110950
369,10427,tt0105226
370,11011,tt0110989
371,49803,tt0111054
372,8987,tt0110997
373,1637,tt0111257
374,15128,tt0111256
375,8831,tt0111438
376,36955,tt0111503
377,10449,tt0111693
378,10395,tt0111742
379,12160,tt0111756
380,40480,tt0112443
381,52038,tt0110455
382,29444,tt0111048
383,26352,tt0110399
384,39953,tt0112570
385,41580,tt0109454
386,315,tt0059170
387,22067,tt0110186
388,18242,tt0108069
389,11667,tt0111301
390,32502,tt0112702
391,267188,tt0112849
392,28732,tt0113014
393,75555,tt0113043
394,42981,tt0113104
395,278939,tt0113173
396,291731,tt0113319
397,226229,tt0113827
398,203119,tt0114047
399,172923,tt0112889
400,316098,tt0109339
401,8011,tt0110027
402,171857,tt0109785
403,2654,tt0113409
404,18069,tt0109021
405,19092,tt0109035
406,2758,tt0106220
407,38129,tt0111804
408,10436,tt0106226
409,13595,tt0109068
410,46094,tt0109067
411,9409,tt0106292
412,11853,tt0109198
413,16771,tt0109219
414,46924,tt0106379
415,11041,tt0106400
416,306,tt0109254
417,14522,tt0109279
418,26203,tt0109297
419,178,tt0109303
420,19819,tt0109305
421,57834,tt0109306
422,4722,tt0106452
423,18215,tt0106471
424,1607,tt0106489
425,26391,tt0109361
426,117553,tt0106505
427,6075,tt0106519
428,11310,tt0109439
429,18658,tt0109443
430,9350,tt0106582
431,9612,tt0106598
432,2124,tt0109456
433,26261,tt0109480
434,19176,tt0109493
435,49299,tt0106660
436,11566,tt0106673
437,9571,tt0106677
438,9739,tt0106697
439,24257,tt0109729
440,34444,tt0106834
441,26141,tt0106873
442,10997,tt0106332
443,50463,tt0109783
444,10443,tt0106881
445,20239,tt0106880
446,16297,tt0111732
447,18551,tt0106926
448,25440,tt0111712
449,9024,tt0106941
450,37233,tt0106918
451,1634,tt0106965
452,13815,tt0109842
453,5503,tt0106977
454,35588,tt0107004
455,2087,tt0109890
456,41579,tt0109891
457,18620,tt0109913
458,41006,tt0109920
459,4916,tt0107057
460,2019,tt0107076
461,31642,tt0107096
462,9255,tt0107144
463,26271,tt0113674
464,10612,tt0112966
465,2259,tt0107151
466,16097,tt0110064
467,11934,tt0110074
468,106143,tt0110097
469,12475,tt0110123
470,9386,tt0107206
471,7984,tt0107207
472,59930,tt0110137
473,15765,tt0108551
474,31643,tt0110197
475,6,tt0107286
476,329,tt0107290
477,10909,tt0107302
478,507,tt0110265
479,34024,tt0107322
480,29918,tt0110305
481,9593,tt0107362
482,42580,tt0107413
483,22317,tt0110353
484,1413,tt0107468
485,12121,tt0107478
486,2246,tt0107497
487,10502,tt0107501
488,10440,tt0107507
489,9516,tt0107554
490,2320,tt0116253
491,5879,tt0074102
492,83718,tt0111689
493,11971,tt0107616
494,2625,tt0107611
495,31911,tt0107613
496,788,tt0107614
497,21450,tt0107653
498,11231,tt0110657
499,41588,tt0110649
500,10447,tt0110678
501,31586,tt0110687
502,9300,tt0107756
503,9559,tt0107808
504,9800,tt0107818
505,713,tt0107822
506,8291,tt0107840
507,18133,tt0107889
508,25557,tt0111003
509,22588,tt0110939
510,10872,tt0110955
511,1245,tt0107943
512,11858,tt0110971
513,7007,tt0107969
514,10467,tt0111001
515,5550,tt0107978
516,8005,tt0107977
517,2088,tt0107983
518,10412,tt0105275
519,47889,tt0108000
520,14534,tt0108002
521,56583,tt0108026
522,41878,tt0105032
523,424,tt0108052
524,35233,tt0111094
525,14291,tt0108065
526,103413,tt0111102
527,11236,tt0108071
528,11592,tt0111127
529,8850,tt0111143
530,10445,tt0108101
531,695,tt0108122
532,43535,tt0111194
533,12519,tt0111201
534,23210,tt0108149
535,858,tt0108160
536,867,tt0108162
537,78,tt0083658
538,13203,tt0108186
539,10442,tt0108174
540,11074,tt0108238
541,33367,tt0089256
542,9607,tt0108255
543,17585,tt0111323
544,9057,tt0111400
545,20967,tt0108328
546,10635,tt0111418
547,9479,tt0107688
548,10057,tt0108333
549,11969,tt0108358
550,41590,tt0111488
551,319,tt0108399
552,26408,tt0108515
553,15139,tt0110763
554,161158,tt0107779
555,218473,tt0109226
556,85247,tt0110259
557,11446,tt0114906
558,51980,tt0107002
559,24405,tt0109403
560,11655,tt0104029
561,11800,tt0110623
562,8223,tt0107315
563,14587,tt0106408
564,31504,tt0110363
565,41653,tt0107349
566,53185,tt0111709
567,95743,tt0109828
568,23637,tt0107225
569,17600,tt0111252
570,10897,tt0110366
571,349394,tt0106878
572,21352,tt0109120
573,68806,tt0108059
574,37345,tt0110892
575,32562,tt0112651
576,47507,tt0107642
577,25403,tt0109382
578,124304,tt0106678
579,9066,tt0112572
580,771,tt0099785
581,251,tt0099653
582,812,tt0103639
583,280,tt0103064
584,581,tt0099348
585,80350,tt0114706
586,268,tt0096895
587,274,tt0102926
588,408,tt0029583
589,10020,tt0101414
590,10895,tt0032910
591,114,tt0100405
592,41043,tt0110719
593,576,tt0065214
594,15477,tt0110395
595,59146,tt0111752
596,124472,tt0109934
597,30528,tt0112606
598,7300,tt0117247
599,10824,tt0112625
600,261246,tt0106537
601,275,tt0116282
602,25059,tt0116552
603,11827,tt0082509
604,8766,tt0116514
605,23570,tt0117283
606,47333,tt0116684
607,54850,tt0110374
608,51242,tt0070506
609,10112,tt0065421
610,4307,tt0113083
611,46029,tt0118001
612,32308,tt0116165
613,88893,tt0102855
614,52873,tt0107471
615,123505,tt0113839
616,340210,tt0112712
617,44281,tt0090665
618,28121,tt0117891
619,12520,tt0113613
620,1592,tt0117381
621,166901,tt0114305
622,36447,tt0115837
623,19042,tt0115509
624,38884,tt0114671
625,47449,tt0112844
626,36259,tt0114658
627,41852,tt0116275
628,40926,tt0113122
629,9099,tt0117608
630,2021,tt0113448
631,61752,tt0116414
632,10988,tt0116095
633,11479,tt0111543
634,398959,tt0117517
635,287305,tt0117312
636,339428,tt0116485
637,12652,tt0113947
638,10684,tt0115956
639,954,tt0117060
640,68445,tt0109028
641,18989,tt0117071
642,10801,tt0117788
643,54285,tt0112257
644,8840,tt0116136
645,278978,tt0118026
646,124625,tt0117117
647,11107,tt0116168
648,16417,tt0111787
649,70934,tt0112509
650,10363,tt0054189
651,161070,tt0115591
652,10539,tt0116683
653,10543,tt0116287
654,18414,tt0116768
655,47502,tt0116269
656,11902,tt0114787
657,27098,tt0113720
658,25087,tt0112536
659,5801,tt0048473
660,896,tt0052572
661,3065,tt0117128
662,318177,tt0114616
663,2300,tt0117705
664,8069,tt0062711
665,288173,tt0110061
666,187851,tt0140614
667,27768,tt0108181
668,221917,tt0114307
669,8072,tt0058898
670,35797,tt0082206
671,88030,tt0111430
672,185191,tt0107727
673,83857,tt0081759
674,33245,tt0113443
675,124460,tt0109491
676,27281,tt0114048
677,105045,tt0111613
678,40001,tt0117104
679,29621,tt0117688
680,117730,tt0109751
681,20762,tt0117774
682,37144,tt0114736
683,48260,tt0112604
684,12656,tt0116289
685,38867,tt0109593
686,277270,tt0103095
687,25969,tt0112368
688,44103,tt0104046
689,753,tt0062952
690,43634,tt0115742
691,9103,tt0117420
692,90214,tt0115951
693,29649,tt0117784
694,10990,tt0117107
695,8866,tt0117979
696,12233,tt0095776
697,23449,tt0115851
698,36355,tt0116322
699,37667,tt0109374
700,90148,tt0110712
701,922,tt0112817
702,11876,tt0113362
703,52633,tt0073778
704,62364,tt0112546
705,11687,tt0108500
706,9304,tt0117108
707,73183,tt0113270
708,123067,tt0092123
709,9100,tt0115963
710,20759,tt0116448
711,46063,tt0116827
712,365371,tt0114894
713,32513,tt0112701
714,40651,tt0113429
715,36915,tt0116508
716,40507,tt0117260
717,9802,tt0117500
718,25697,tt0116405
719,21588,tt0109592
720,664,tt0117998
721,11867,tt0115624
722,47119,tt0113145
723,314352,tt0116559
724,9323,tt0113568
725,10280,tt0117894
726,10535,tt0117723
727,124613,tt0112586
728,532,tt0112691
729,26744,tt0040366
730,16299,tt0117768
731,10547,tt0115571
732,245268,tt0031612
733,935,tt0057012
734,55613,tt0103926
735,215107,tt0105737
736,41007,tt0113849
737,35645,tt0113188
738,110465,tt0042644
739,255546,tt0109381
740,40751,tt0109688
741,275096,tt0104606
742,85778,tt0110480
743,11101,tt0108211
744,9826,tt0117331
745,9879,tt0117765
746,63564,tt0116833
747,22621,tt0113280
748,7095,tt0116669
749,26890,tt0116594
750,46732,tt0113211
751,124633,tt0114494
752,581579,tt0116992
753,202425,tt0094265
754,196940,tt0105201
755,77771,tt0070820
756,181083,tt0084898
757,41225,tt0063715
758,188589,tt0109191
759,87190,tt0114122
760,627,tt0117951
761,32872,tt0118523
762,602,tt0116629
763,14553,tt0117737
764,9566,tt0116277
765,10545,tt0116583
766,9894,tt0115798
767,11543,tt0116778
768,9268,tt0116213
769,52059,tt0113147
770,9327,tt0117218
771,123763,tt0100990
772,81949,tt0111546
773,42005,tt0093199
774,124306,tt0106810
775,183955,tt0111180
776,44535,tt0111237
777,44495,tt0072362
778,78285,tt0103207
779,11228,tt0116040
780,10779,tt0116365
781,26748,tt0116905
782,38223,tt0116493
783,9294,tt0117333
784,49963,tt0118113
785,11363,tt0117628
786,1645,tt0117913
787,31546,tt0115530
788,77056,tt0114266
789,36344,tt0115493
790,18550,tt0116320
791,11511,tt0116756
792,172198,tt0109356
793,34170,tt0116823
794,281085,tt0112568
795,109478,tt0114170
796,124645,tt0117999
797,12606,tt0118073
798,69895,tt0108220
799,35206,tt0049521
800,525936,tt0112746
801,151489,tt0104403
802,4837,tt0061495
803,12632,tt0110246
804,9098,tt0116164
805,282919,tt0112865
806,124614,tt0112716
807,18975,tt0115472
808,11962,tt0116707
809,2925,tt0116313
810,28628,tt0114550
811,3595,tt0117438
812,9308,tt0116531
813,92381,tt0117332
814,18555,tt0116353
815,12123,tt0115857
816,10830,tt0117008
817,3573,tt0116191
818,10546,tt0115986
819,18862,tt0116571
820,31417,tt0053459
821,9431,tt0117826
822,124619,tt0113695
823,297645,tt0108227
824,48144,tt0111424
825,46986,tt0113080
826,144982,tt0115680
827,47907,tt0117718
828,10061,tt0116225
829,36266,tt0112767
830,549,tt0115632
831,10478,tt0117918
832,66634,tt0104109
833,116690,tt0051980
834,213917,tt0100840
835,145925,tt0107575
836,100914,tt0042054
837,238,tt0068646
838,484245,tt0116536
839,159,tt0109255
840,11134,tt0104558
841,88224,tt0116985
842,83720,tt0114936
843,42758,tt0114474
844,9303,tt0115736
845,23945,tt0115836
846,37820,tt0101692
847,22479,tt0116745
848,9054,tt0119214
849,241058,tt0116934
850,11985,tt0109066
851,10232,tt0075169
852,59569,tt0113542
853,410921,tt0110693
854,38955,tt0106544
855,110513,tt0116418
856,114089,tt0112607
857,11015,tt0120004
858,9306,tt0116654
859,12559,tt0116311
860,58770,tt0117965
861,124851,tt0114592
862,3587,tt0115725
863,10723,tt0115783
864,56077,tt0120271
865,19004,tt0113596
866,101230,tt0109001
867,253632,tt0094822
868,10987,tt0113253
869,44705,tt0117991
870,20318,tt0117093
871,43596,tt0024252
872,293794,tt0105729
873,26933,tt0111019
874,27854,tt0035896
875,981,tt0032904
876,872,tt0045152
877,2769,tt0043278
878,13320,tt0050419
879,164,tt0054698
880,426,tt0052357
881,567,tt0047396
882,3078,tt0025316
883,13528,tt0036855
884,28288,tt0025164
885,213,tt0053125
886,284,tt0053604
887,239,tt0053291
888,4808,tt0056923
889,289,tt0034583
890,963,tt0033870
891,11113,tt0058385
892,6620,tt0047437
893,804,tt0046250
894,26531,tt0031580
895,909,tt0037059
896,630,tt0032138
897,770,tt0031381
898,31044,tt0084370
899,599,tt0043014
900,15,tt0033467
901,62,tt0062622
902,121357,tt0039428
903,705,tt0042192
904,22490,tt0032143
905,223,tt0032976
906,25670,tt0032484
907,303,tt0038787
908,4174,tt0038109
909,8356,tt0050105
910,381,tt0048728
911,20758,tt0042451
912,29376,tt0045537
913,1859,tt0031725
914,18299,tt0050658
915,17281,tt0051658
916,64382,tt0052126
917,10907,tt0029843
918,32093,tt0032762
919,1939,tt0037008
920,22292,tt0039420
921,3598,tt0029162
922,3080,tt0027125
923,198,tt0035446
924,13562,tt0028010
925,1712,tt0049261
926,220,tt0048028
927,3529,tt0025878
928,3085,tt0032599
929,2897,tt0048960
930,1585,tt0038650
931,3083,tt0031679
932,900,tt0029947
933,43795,tt0034012
934,85638,tt0017350
935,50001,tt0036094
936,43905,tt0025586
937,22688,tt0038300
938,23114,tt0027893
939,26378,tt0032022
940,40206,tt0041509
941,22356,tt0039152
942,260,tt0026029
943,43488,tt0038235
944,22613,tt0036241
945,10331,tt0063350
946,488,tt0043265
947,22733,tt0046414
948,261,tt0051459
949,57575,tt0047162
950,32574,tt0033891
951,22657,tt0029855
952,76464,tt0029588
953,22649,tt0022879
954,176841,tt0027980
955,125587,tt0114007
956,39448,tt0093229
957,52855,tt0118927
958,39940,tt0048491
959,172868,tt0113730
960,85328,tt0117357
961,124632,tt0117669
962,11076,tt0116329
963,63945,tt0118742
964,58985,tt0116442
965,890,tt0114354
966,10861,tt0117011
967,1770,tt0117039
968,44465,tt0117473
969,2033,tt0116635
970,18203,tt0115678
971,9333,tt0116830
972,47260,tt0115847
973,9400,tt0117603
974,9401,tt0115438
975,12241,tt0115994
976,25739,tt0083587
977,161806,tt0116167
978,11306,tt0116259
979,9625,tt0116421
980,10680,tt0116000
981,6346,tt0115862
982,18660,tt0072653
983,35115,tt0047977
984,14821,tt0072951
985,14136,tt0064603
986,10869,tt0071607
987,22660,tt0050798
988,19186,tt0055277
989,31102,tt0054195
990,6878,tt0107131
991,15944,tt0053271
992,18444,tt0054357
993,20723,tt0059793
994,173,tt0046672
995,864,tt0106611
996,24795,tt0109127
997,11224,tt0042332
998,81310,tt0063819
999,15947,tt0038166
1000,9078,tt0057546
1001,29682,tt0041890
1002,8367,tt0102798
1003,433,tt0058331
1004,11360,tt0033563
1005,11114,tt0076538
1006,12335,tt0066817
1007,12092,tt0043274
1008,10948,tt0082406
1009,11229,tt0116361
1010,15121,tt0059742
1011,562,tt0095016
1012,10163,tt0104692
1013,48862,tt0118044
1014,117036,tt0114597
1015,47199,tt0117582
1016,11159,tt0117589
1017,9591,tt0117887
1018,30500,tt0117924
1019,41843,tt0117791
1020,55058,tt0116928
1021,10938,tt0115640
1022,11412,tt0116908
1023,10586,tt0116409
1024,42314,tt0116913
1025,27845,tt0117958
1026,108365,tt0117400
1027,23223,tt0117202
1028,49471,tt0116404
1029,38153,tt0120107
1030,25147,tt0116722
1031,9716,tt0116242
1032,43777,tt0115600
1033,454,tt0117509
1034,10218,tt0117802
1035,819,tt0117665
1036,38191,tt0117781
1037,56830,tt0116714
1038,11238,tt0115491
1039,27256,tt0043140
1040,31530,tt0029546
1041,66473,tt0028757
1042,28120,tt0039286
1043,1834,tt0037101
1044,26282,tt0044863
1045,37218,tt0109823
1046,252,tt0067992
1047,116356,tt0111622
1048,16372,tt0055018
1049,11561,tt0070707
1050,11302,tt0066808
1051,623,tt0095159
1052,583,tt0079470
1053,12614,tt0084865
1054,21711,tt0068334
1055,11575,tt0059243
1056,475,tt0061418
1057,11331,tt0052027
1058,521,tt0046912
1059,21202,tt0113731
1060,88,tt0092890
1061,500,tt0105236
1062,792,tt0091763
1063,8491,tt0098627
1064,402,tt0103772
1065,10537,tt0101761
1066,11386,tt0104036
1067,9504,tt0104348
1068,15764,tt0084707
1069,601,tt0083866
1070,67365,tt0117577
1071,25842,tt0029992
1072,2119,tt0099371
1073,744,tt0092099
1074,136311,tt0115531
1075,221,tt0048545
1076,702,tt0044081
1077,25750,tt0115885
1078,17642,tt0116859
1079,427043,tt0115870
1080,146341,tt0115684
1081,9305,tt0117040
1082,37616,tt0117284
1083,11112,tt0115580
1084,21612,tt0116378
1085,277102,tt0114472
1086,102461,tt0113057
1087,36998,tt0116581
1088,200383,tt0114622
1089,116844,tt0112907
1090,1630,tt0117318
1091,26626,tt0116422
1092,470646,tt0114147
1093,124837,tt0117320
1094,11816,tt0082846
1095,11843,tt0072081
1096,10379,tt0101775
1097,2756,tt0096754
1098,790,tt0080749
1099,1103,tt0082340
1100,11298,tt0082533
1101,4480,tt0091288
1102,4481,tt0091480
1103,575751,tt0111357
1104,49688,tt0107274
1105,10765,tt0081375
1106,762,tt0071853
1107,44497,tt0116587
1108,85588,tt0112777
1109,278621,tt0116245
1110,99479,tt0116212
1111,566972,tt0113328
1112,606151,tt0116403
1113,55049,tt0117968
1114,124829,tt0116886
1115,79306,tt0117677
1116,356054,tt0112759
1117,10548,tt0118147
1118,531,tt0108598
1119,104931,tt0110173
1120,4483,tt0084589
1121,18919,tt0109781
1122,31556,tt0040427
1123,26167,tt0040723
1124,26174,tt0039881
1125,572997,tt0092281
1126,61461,tt0034493
1127,117500,tt0039004
1128,218713,tt0026465
1129,217802,tt0026656
1130,127973,tt0025799
1131,659,tt0078875
1132,30892,tt0069198
1133,86369,tt0110521
1134,8074,tt0060304
1135,124676,tt0115715
1136,559489,tt0113031
1137,38554,tt0116059
1138,49763,tt0115610
1139,41326,tt0099028
1140,36555,tt0112483
1141,10608,tt0103850
1142,11216,tt0095765
1143,7452,tt0097108
1144,64567,tt0109942
1145,892,tt0101700
1146,1600,tt0101765
1147,26561,tt0101811
1148,975,tt0050825
1149,18129,tt0099703
1150,54405,tt0102014
1151,150823,tt0120121
1152,409,tt0116209
1153,38251,tt0102426
1154,10161,tt0097937
1155,1412,tt0098724
1156,41768,tt0105107
1157,10409,tt0105488
1158,14285,tt0096257
1159,2469,tt0101026
1160,10174,tt0102370
1161,31225,tt0100332
1162,510,tt0073486
1163,11455,tt0078446
1164,1891,tt0080684
1165,2493,tt0093779
1166,85,tt0082971
1167,68,tt0088846
1168,679,tt0090605
1169,429,tt0060196
1170,13446,tt0094336
1171,389,tt0050083
1172,947,tt0056172
1173,185,tt0066921
1174,595,tt0056592
1175,28,tt0078788
1176,335,tt0064116
1177,1892,tt0086190
1178,144,tt0093191
1179,1092,tt0041959
1180,769,tt0099685
1181,348,tt0078748
1182,766,tt0106308
1183,175,tt0095250
1184,11645,tt0089881
1185,10835,tt0097202
1186,539,tt0054215
1187,525,tt0080455
1188,240,tt0071562
1189,600,tt0093058
1190,530,tt0104361
1191,10705,tt0097499
1192,279,tt0086879
1193,3109,tt0045061
1194,311,tt0087843
1195,1578,tt0081398
1196,703,tt0075686
1197,9549,tt0086197
1198,1398,tt0079944
1199,387,tt0082096
1200,9277,tt0070735
1201,343,tt0067185
1202,37291,tt0103130
1203,490,tt0050976
1204,11235,tt0085859
1205,218,tt0088247
1206,763,tt0103873
1207,9665,tt0097441
1208,18971,tt0100519
1209,696,tt0079522
1210,379,tt0100150
1211,207,tt0097165
1212,37247,tt0061722
1213,1480,tt0052311
1214,9322,tt0100263
1215,826,tt0050212
1216,422,tt0056801
1217,829,tt0071315
1218,828,tt0043456
1219,3090,tt0040897
1220,9964,tt0092610
1221,3063,tt0023969
1222,13667,tt0088794
1223,694,tt0081505
1224,235,tt0092005
1225,832,tt0022100
1226,765,tt0092991
1227,5925,tt0057115
1228,11778,tt0077416
1229,4485,tt0082269
1230,137,tt0107048
1231,33,tt0105695
1232,982,tt0056218
1233,8428,tt0100436
1234,212,tt0036613
1235,105,tt0088763
1236,1633,tt0101921
1237,11202,tt0066206
1238,1554,tt0090967
1239,149,tt0094625
1240,8009,tt0091203
1241,903,tt0061512
1242,11673,tt0099334
1243,3034,tt0072431
1244,339,tt0102536
1245,10404,tt0101640
1246,914,tt0032553
1247,756,tt0032455
1248,288,tt0044706
1249,910,tt0038355
1250,2640,tt0097493
1251,16633,tt0081534
1252,665,tt0052618
1253,11031,tt0088258
1254,11314,tt0085809
1255,15143,tt0094006
1256,89,tt0097576
1257,10322,tt0078841
1258,783,tt0083987
1259,10644,tt0096332
1260,11257,tt0091867
1261,14370,tt0089886
1262,12104,tt0084503
1263,625,tt0087553
1264,8816,tt0089606
1265,830,tt0049223
1266,2323,tt0097351
1267,983,tt0073341
1268,642,tt0064115
1269,655,tt0087884
1270,10341,tt0101458
1271,639,tt0098635
1272,266022,tt0113369
1273,168450,tt0114089
1274,30180,tt0116589
1275,31388,tt0117550
1276,41801,tt0116293
1277,66034,tt0116953
1278,348138,tt0115754
1279,96288,tt0114093
1280,61536,tt0116601
1281,18762,tt0112537
1282,331367,tt0107314
1283,8077,tt0103644
1284,814,tt0082010
1285,41671,tt0103678
1286,27214,tt0085159
1287,52263,tt0115535
1288,33519,tt0106262
1289,16235,tt0083550
1290,11449,tt0078767
1291,41848,tt0099030
1292,25944,tt0071233
1293,24913,tt0090655
1294,49126,tt0075704
1295,32076,tt0092632
1296,571,tt0056869
1297,8851,tt0051418
1298,37843,tt0082083
1299,32146,tt0101492
1300,30346,tt0037549
1301,6114,tt0103874
1302,229,tt0026138
1303,13549,tt0074258
1304,9529,tt0103919
1305,1598,tt0101540
1306,11349,tt0055824
1307,7340,tt0074285
1308,6217,tt0083722
1309,377,tt0087800
1310,653,tt0013442
1311,28198,tt0091651
1312,794,tt0075005
1313,31640,tt0115710
1314,8744,tt0115495
1315,25189,tt0117057
1316,145,tt0115751
1317,2212,tt0119791
1318,199,tt0117731
1319,7863,tt0117631
1320,12498,tt0117666
1321,9279,tt0116705
1322,53234,tt0084116
1323,17204,tt0117293
1324,21539,tt0117372
1325,85589,tt0113557
1326,12709,tt0117477
1327,20539,tt0115988
1328,11674,tt0115433
1329,199512,tt0042354
1330,64900,tt0110171
1331,1573,tt0099423
1332,152,tt0079945
1333,174,tt0102975
1334,172,tt0098382
1335,154,tt0084726
1336,157,tt0088170
1337,168,tt0092007
1338,364,tt0103776
1339,11967,tt0096487
1340,9086,tt0100994
1341,621,tt0077631
1342,9037,tt0084021
1343,10173,tt0100114
1344,55687,tt0115471
1345,168535,tt0117773
1346,8845,tt0105690
1347,46681,tt0052287
1348,578,tt0073195
1349,579,tt0077766
1350,17692,tt0085750
1351,17795,tt0117119
1352,75,tt0116996
1353,13891,tt0115906
1354,9390,tt0116695
1355,378,tt0093822
1356,10896,tt0094155
1357,2322,tt0105435
1358,41240,tt0115633
1359,26949,tt0116621
1360,9819,tt0116999
1361,49799,tt0117691
1362,31908,tt0116410
1363,46027,tt0119783
1364,3179,tt0115641
1365,1802,tt0112769
1366,4232,tt0117571
1367,9361,tt0104691
1368,2928,tt0117038
1369,30285,tt0116240
1370,10549,tt0116477
1371,58102,tt0117690
1372,18451,tt0118163
1373,27265,tt0117091
1374,49935,tt0118100
1375,8818,tt0116250
1376,36758,tt0117364
1377,36040,tt0067959
1378,74239,tt0117028
1379,9415,tt0119731
1380,55146,tt0116506
1381,303693,tt0116640
1382,12145,tt0119115
1383,42424,tt0120550
1384,34314,tt0120390
1385,2892,tt0112362
1386,9404,tt0116704
1387,85242,tt0120414
1388,9622,tt0118708
1389,8860,tt0119664
1390,197537,tt0110425
1391,66597,tt0080714
1392,14832,tt0106535
1393,9619,tt0118928
1394,40506,tt0119644
1395,31000,tt0106266
1396,4104,tt0106387
1397,26306,tt0119937
1398,203829,tt0117907
1399,43775,tt0109949
1400,14908,tt0119640
1401,784,tt0116790
1402,12489,tt0119225
1403,168283,tt0116310
1404,16448,tt0118111
1405,55936,tt0116754
1406,17894,tt0118691
1407,28059,tt0120238
1408,58911,tt0116565
1409,17949,tt0119887
1410,1968,tt0119141
1411,61563,tt0120357
1412,66,tt0118548
1413,20735,tt0120317
1414,11419,tt0120434
1415,333165,tt0118042
1416,25796,tt0120318
1417,638,tt0116922
1418,25624,tt0120036
1419,9366,tt0119008
1420,60083,tt0117544
1421,21915,tt0118750
1422,90928,tt0120014
1423,50091,tt0118762
1424,18420,tt0118859
1425,19952,tt0118702
1426,9446,tt0119432
1427,28005,tt0116743
1428,9403,tt0119951
1429,27322,tt0119572
1430,10003,tt0120053
1431,9311,tt0120152
1432,11844,tt0118064
1433,884,tt0115964
1434,49806,tt0116041
1435,1624,tt0119528
1436,88423,tt0117422
1437,16052,tt0120094
1438,4477,tt0118972
1439,24662,tt0118829
1440,18423,tt0118663
1441,76996,tt0116931
1442,6499,tt0120389
1443,50512,tt0118623
1444,9405,tt0119013
1445,12723,tt0119381
1446,9360,tt0118615
1447,9434,tt0119229
1448,118991,tt0116762
1449,21626,tt0116783
1450,13982,tt0118541
1451,93946,tt0113314
1452,77223,tt0119859
1453,31465,tt0120366
1454,12793,tt0118586
1455,102878,tt0118783
1456,105763,tt0117050
1457,9611,tt0120032
1458,47694,tt0116295
1459,10357,tt0120461
1460,9977,tt0115886
1461,816,tt0118655
1462,2163,tt0118771
1463,124680,tt0115760
1464,16399,tt0115927
1465,124843,tt0117482
1466,31017,tt0120383
1467,24645,tt0105660
1468,49478,tt0120479
1469,12499,tt0119109
1470,18,tt0119116
1471,68545,tt0116643
1472,1811,tt0119809
1473,109614,tt0116920
1474,60082,tt0120190
1475,24183,tt0117398
1476,53023,tt0058985
1477,64802,tt0119578
1478,11239,tt0117615
1479,50850,tt0120087
1480,15321,tt0120394
1481,2058,tt0118556
1482,9450,tt0115744
1483,125021,tt0118964
1484,330,tt0119567
1485,38523,tt0117359
1486,16375,tt0117561
1487,33660,tt0120118
1488,59232,tt0118117
1489,45671,tt0114303
1490,17770,tt0120373
1491,15170,tt0118787
1492,1701,tt0118880
1493,201445,tt0116834
1494,26422,tt0114134
1495,124642,tt0112951
1496,1639,tt0120179
1497,49235,tt0117724
1498,106129,tt0117775
1499,291634,tt0113968
1500,107743,tt0118127
1501,415,tt0118688
1502,47686,tt0119019
1503,65889,tt0120034
1504,11103,tt0116502
1505,11970,tt0119282
1506,34941,tt0119502
1507,407992,tt0116949
1508,8874,tt0119738
1509,17991,tt0105569
1510,11956,tt0115856
1511,266,tt0057345
1512,754,tt0119094
1513,37567,tt0119098
1514,43771,tt0116384
1515,124834,tt0117076
1516,249358,tt0113425
1517,111367,tt0116334
1518,607,tt0119654
1519,18080,tt0119848
1520,38225,tt0120512
1521,17834,tt0120133
1522,686,tt0118884
1523,65046,tt0116930
1524,4421,tt0119173
1525,9387,tt0082198
1526,10603,tt0119190
1527,2142,tt0118887
1528,8413,tt0119081
1529,10336,tt0120177
1530,20737,tt0118570
1531,9413,tt0119896
1532,14585,tt0119361
1533,18519,tt0119152
1534,49462,tt0118818
1535,8834,tt0118883
1536,9458,tt0118966
1537,8854,tt0120207
1538,38295,tt0120112
1539,22073,tt0119311
1540,37244,tt0119509
1541,4961,tt0119675
1542,9416,tt0119695
1543,26180,tt0119086
1544,17832,tt0119484
1545,9772,tt0118571
1546,6072,tt0118531
1547,1669,tt0099810
1548,468,tt0102494
1549,32519,tt0119465
1550,108401,tt0120197
1551,10806,tt0119360
1552,9433,tt0119051
1553,6623,tt0119874
1554,2118,tt0119488
1555,978,tt0120102
1556,9437,tt0119468
1557,29461,tt0120169
1558,56651,tt0119457
1559,10351,tt0120524
1560,66588,tt0120323
1561,2649,tt0119174
1562,14289,tt0119123
1563,10155,tt0120399
1564,75250,tt0119557
1565,20457,tt0119632
1566,18355,tt0118647
1567,33657,tt0120151
1568,55306,tt0120402
1569,68924,tt0119349
1570,36434,tt0120192
1571,2255,tt0118842
1572,28353,tt0119326
1573,9427,tt0119164
1574,172545,tt0116631
1575,17589,tt0119280
1576,3597,tt0119345
1577,1813,tt0118971
1578,36797,tt0120029
1579,12628,tt0119906
1580,33344,tt0119324
1581,25099,tt0119107
1582,45019,tt0120481
1583,63437,tt0120303
1584,62422,tt0120539
1585,782,tt0119177
1586,29911,tt0119095
1587,9827,tt0119891
1588,1959,tt0120257
1589,251481,tt0120529
1590,8067,tt0119535
1591,125052,tt0119338
1592,45153,tt0119080
1593,10871,tt0119210
1594,14398,tt0118900
1595,10890,tt0083131
1596,99002,tt0117221
1597,1281,tt0118689
1598,32332,tt0119327
1599,9770,tt0119592
1600,12616,tt0119832
1601,34838,tt0120275
1602,14905,tt0120490
1603,14583,tt0119527
1604,11975,tt0119978
1605,4995,tt0118749
1606,9281,tt0090329
1607,45928,tt0119365
1608,563,tt0120201
1609,61337,tt0118901
1610,19931,tt0107282
1611,31535,tt0118836
1612,10215,tt0120148
1613,9823,tt0119707
1614,37165,tt0120382
1615,45609,tt0120520
1616,38904,tt0119723
1617,45565,tt0116592
1618,9407,tt0119994
1619,4824,tt0119395
1620,9444,tt0118617
1621,9414,tt0120483
1622,8078,tt0118583
1623,29938,tt0112318
1624,11831,tt0118607
1625,2895,tt0118632
1626,39177,tt0123385
1627,19601,tt0118698
1628,124606,tt0109266
1629,42832,tt0118764
1630,22797,tt0118804
1631,2639,tt0118954
1632,9574,tt0119137
1633,10371,tt0119142
1634,489,tt0119217
1635,167738,tt0116465
1636,293820,tt0116490
1637,9714,tt0119303
1638,102406,tt0119352
1639,531591,tt0130073
1640,170430,tt0116976
1641,8197,tt0119668
1642,6283,tt0119715
1643,279698,tt0117167
1644,49728,tt0119819
1645,64562,tt0119845
1646,4233,tt0120082
1647,191874,tt0120222
1648,10217,tt0120255
1649,438108,tt0128755
1650,597,tt0120338
1651,714,tt0120347
1652,52537,tt0117994
1653,12799,tt0118230
1654,62394,tt0119052
1655,9922,tt0119925
1656,547,tt0119314
1657,25994,tt0120521
1658,184,tt0119396
1659,9746,tt0119485
1660,9438,tt0119718
1661,115,tt0118715
1662,26941,tt0118566
1663,27103,tt0119590
1664,9410,tt0119223
1665,32302,tt0118539
1666,216794,tt0119655
1667,88863,tt0119988
1668,154821,tt0129758
1669,41417,tt0120670
1670,12538,tt0120820
1671,586,tt0120885
1672,2666,tt0118929
1673,46338,tt0116845
1674,54007,tt0120478
1675,11258,tt0120696
1676,9490,tt0120693
1677,9411,tt0119099
1678,25719,tt0120122
1679,9033,tt0118643
1680,11220,tt0112913
1681,21253,tt0119815
1682,6116,tt0120185
1683,9457,tt0118956
1684,281289,tt0128690
1685,43911,tt0119521
1686,39424,tt0119734
1687,44361,tt0119711
1688,11702,tt0120008
1689,2923,tt0120594
1690,12238,tt0119784
1691,11568,tt0118747
1692,41577,tt0114690
1693,66894,tt0120707
1694,11003,tt0120888
1695,10153,tt0120184
1696,49645,tt0118662
1697,47112,tt0116379
1698,102732,tt0119548
1699,30949,tt0120782
1700,2898,tt0119822
1701,9558,tt0099939
1702,83593,tt0145302
1703,320011,tt0119656
1704,26269,tt0119594
1705,11808,tt0120873
1706,6970,tt0120491
1707,47452,tt0119574
1708,18205,tt0112619
1709,36943,tt0140282
1710,21736,tt0120661
1711,17941,tt0118744
1712,10668,tt0120241
1713,9313,tt0120744
1714,42807,tt0120769
1715,617,tt0120890
1716,36568,tt0125454
1717,37272,tt0120642
1718,5910,tt0119250
1719,9440,tt0119942
1720,53092,tt0119780
1721,32911,tt0120510
1722,44308,tt0120793
1723,124821,tt0119049
1724,32456,tt0124179
1725,93350,tt0119560
1726,62695,tt0120219
1727,32144,tt0120108
1728,17127,tt0120772
1729,40688,tt0120645
1730,17133,tt0119305
1731,19848,tt0119905
1732,17644,tt0120598
1733,1774,tt0124295
1734,30265,tt0118851
1735,558884,tt0119139
1736,2157,tt0120738
1737,70581,tt0119272
1738,8838,tt0120749
1739,29193,tt0120176
1740,795,tt0120632
1741,16980,tt0120728
1742,27472,tt0120773
1743,47881,tt0120765
1744,9469,tt0124718
1745,12488,tt0119196
1746,98499,tt0118229
1747,81367,tt0120213
1748,267,tt0118819
1749,16148,tt0120906
1750,21252,tt0119792
1751,73135,tt0117443
1752,9449,tt0118755
1753,6264,tt0119947
1754,90414,tt0130019
1755,188870,tt0119508
1756,215373,tt0118727
1757,78149,tt0118577
1758,15513,tt0120723
1759,31220,tt0120725
1760,13907,tt0138563
1761,29825,tt0119987
1762,10622,tt0117786
1763,30020,tt0120265
1764,17139,tt0119448
1765,34582,tt0118785
1766,10216,tt0120841
1767,9771,tt0120742
1768,24560,tt0120838
1769,76330,tt0141986
1770,9448,tt0120609
1771,38618,tt0120856
1772,18316,tt0120610
1773,78373,tt0118925
1774,77514,tt0119952
1775,49474,tt0113184
1776,4415,tt0119683
1777,39467,tt0120211
1778,55561,tt0118866
1779,8656,tt0120647
1780,209345,tt0145048
1781,58680,tt0120531
1782,35161,tt0125128
1783,35796,tt0119506
1784,18937,tt0120800
1785,929,tt0120685
1786,9452,tt0118798
1787,1878,tt0120669
1788,9844,tt0120777
1789,40505,tt0131436
1790,14342,tt0119053
1791,9715,tt0119313
1792,26610,tt0119375
1793,20064,tt0119547
1794,40961,tt0120401
1795,1965,tt0120787
1796,312,tt0116692
1797,6068,tt0120828
1798,15037,tt0127723
1799,50043,tt0118894
1800,37636,tt0139362
1801,17044,tt0119494
1802,60951,tt0125980
1803,21334,tt0118849
1804,416437,tt0150290
1805,32284,tt0116141
1806,51955,tt0126938
1807,37410,tt0122529
1808,47481,tt0143614
1809,53765,tt0119717
1810,10674,tt0120762
1811,136134,tt0140508
1812,846,tt0120902
1813,12655,tt0126344
1814,3050,tt0118998
1815,1389,tt0120780
1816,11020,tt0073540
1817,20862,tt0120321
1818,108548,tt0120443
1819,9464,tt0118789
1820,95,tt0120591
1821,944,tt0122151
1822,35680,tt0123987
1823,11551,tt0122718
1824,473,tt0138704
1825,102304,tt0140688
1826,544,tt0129387
1827,10513,tt0052077
1828,28966,tt0018578
1829,65203,tt0019729
1830,143,tt0020629
1831,42861,tt0021746
1832,33680,tt0022958
1833,56164,tt0023876
1834,12311,tt0026752
1835,43277,tt0027698
1836,43278,tt0029146
1837,34106,tt0030993
1838,43266,tt0033729
1839,27367,tt0035093
1840,17661,tt0036872
1841,28580,tt0037884
1842,887,tt0036868
1843,33667,tt0039416
1844,23383,tt0040416
1845,25430,tt0041113
1846,27191,tt0044672
1847,11426,tt0045793
1848,654,tt0047296
1849,15919,tt0048356
1850,1725,tt0055614
1851,5769,tt0057590
1852,874,tt0060665
1853,10633,tt0061811
1854,17917,tt0063385
1855,3116,tt0064665
1856,1051,tt0067116
1857,1366,tt0075148
1858,12102,tt0079417
1859,16619,tt0081283
1860,9443,tt0082158
1861,11050,tt0086425
1862,606,tt0089755
1863,746,tt0093389
1864,380,tt0095953
1865,403,tt0097239
1866,11485,tt0065063
1867,466,tt0067309
1868,13820,tt0087995
1869,15389,tt0100142
1870,13597,tt0091369
1871,2108,tt0088847
1872,10014,tt0089686
1873,10072,tt0093629
1874,10131,tt0095742
1875,10160,tt0097981
1876,11284,tt0101917
1877,4488,tt0080761
1878,9725,tt0082418
1879,9728,tt0083972
1880,9730,tt0087298
1881,9731,tt0089173
1882,10225,tt0091080
1883,10281,tt0095179
1884,10283,tt0097388
1885,948,tt0077651
1886,11281,tt0082495
1887,10676,tt0085636
1888,11357,tt0095271
1889,11361,tt0097474
1890,36599,tt0081383
1891,39929,tt0093176
1892,41828,tt0098136
1893,41769,tt0105179
1894,10585,tt0094862
1895,11186,tt0099253
1896,11187,tt0103956
1897,609,tt0084516
1898,11133,tt0091778
1899,10306,tt0095889
1900,9552,tt0070047
1901,11586,tt0076009
1902,11587,tt0099528
1903,941,tt0093409
1904,942,tt0097733
1905,943,tt0104714
1906,927,tt0087363
1907,928,tt0099700
1908,9340,tt0089218
1909,9342,tt0120746
1910,38509,tt0119910
1911,60033,tt0117898
1912,12101,tt0070723
1913,19,tt0017136
1914,165,tt0096874
1915,196,tt0099088
1916,551,tt0069113
1917,16084,tt0076054
1918,17984,tt0054594
1919,22328,tt0078790
1920,32611,tt0054649
1921,3170,tt0034492
1922,346,tt0047478
1923,859,tt0094947
1924,841,tt0087182
1925,11051,tt0095497
1926,242,tt0099674
1927,1411,tt0102757
1928,9769,tt0119558
1929,9424,tt0134619
1930,9835,tt0120741
1931,857,tt0120815
1932,17539,tt0137386
1933,44322,tt0119007
1934,22777,tt0066728
1935,20173,tt0066811
1936,10957,tt0088814
1937,9570,tt0078869
1938,16249,tt0062737
1939,13962,tt0109287
1940,14612,tt0075807
1941,19378,tt0077305
1942,65157,tt0097053
1943,29228,tt0065566
1944,19379,tt0082199
1945,11164,tt0109520
1946,18887,tt0052722
1947,40866,tt0082263
1948,24736,tt0106868
1949,10122,tt0091059
1950,24816,tt0061715
1951,9994,tt0091149
1952,25445,tt0061749
1953,12129,tt0080861
1954,14140,tt0076137
1955,10439,tt0107120
1956,11158,tt0104437
1957,9354,tt0097523
1958,28736,tt0077698
1959,34774,tt0056095
1960,37969,tt0057180
1961,9631,tt0120768
1962,9820,tt0120783
1963,14013,tt0131857
1964,36606,tt0119165
1965,96196,tt0120687
1966,98505,tt0124115
1967,1779,tt0098213
1968,10849,tt0089853
1969,678,tt0039689
1970,907,tt0059113
1971,5961,tt0083922
1972,47908,tt0090203
1973,42121,tt0086423
1974,2887,tt0106273
1975,11974,tt0096734
1976,20348,tt0089126
1977,26648,tt0071910
1978,11911,tt0082736
1979,793,tt0090756
1980,35144,tt0089385
1981,9325,tt0061852
1982,43037,tt0053994
1983,10340,tt0048280
1984,10144,tt0097757
